<?xml version='1.0' encoding='utf-8' standalone='yes' ?>
<map>
    <string name="viper4android.headphonefx.outvol">120</string>
    <string name="viper4android.headphonefx.convolver.kernel">Sony MDR-1ABT-Christopher6-44k.irs</string>
    <string name="viper4android.headphonefx.limiter">100</string>
    <boolean name="viper4android.headphonefx.convolver.enable" value="true" />
    <boolean name="viper4android.headphonefx.fireq.enable" value="true" />
    <boolean name="viper4android.headphonefx.enable" value="true" />
    <string name="viper4android.headphonefx.fireq.custom">1.7;1.2;0.8;0.6;0.2;0.3;0.5;0.8;0.8;1.7;</string>
    <string name="viper4android.headphonefx.fireq">custom</string>
</map>
