<?xml version='1.0' encoding='utf-8' standalone='yes' ?>
<map>
    <string name="viper4android.headphonefx.outvol">100</string>
    <string name="viper4android.headphonefx.convolver.kernel">Sony MDR-1ABT-Christopher4-44k.irs</string>
    <string name="viper4android.headphonefx.limiter">80</string>
    <boolean name="viper4android.headphonefx.convolver.enable" value="true" />
    <boolean name="viper4android.headphonefx.enable" value="true" />
    <string name="viper4android.headphonefx.fireq.custom">1.3;0.9;-1.8;-0.7;-0.2;-0.2;-0.2;-0.1;-0.1;-0.7;</string>
    <boolean name="viper4android.headphonefx.fireq.enable" value="true" />
    <string name="viper4android.headphonefx.fireq">custom</string>
</map>
