<?xml version='1.0' encoding='utf-8' standalone='yes' ?>
<map>
    <string name="viper4android.headphonefx.convolver.kernel">Sony MDR-1ABT-Christopher4-44k.irs</string>
    <string name="viper4android.headphonefx.outvol">100</string>
    <boolean name="viper4android.headphonefx.convolver.enable" value="true" />
    <string name="viper4android.headphonefx.limiter">100</string>
    <boolean name="viper4android.headphonefx.fireq.enable" value="false" />
    <string name="viper4android.headphonefx.fireq.custom">-1.3;-0.8;-1.6;-1.0;-0.6;0.3;0.6;0.9;1.0;0.8;</string>
    <boolean name="viper4android.headphonefx.enable" value="true" />
    <string name="viper4android.headphonefx.fireq">custom</string>
</map>
