<?xml version='1.0' encoding='utf-8' standalone='yes' ?>
<map>
    <string name="viper4android.headphonefx.reverb.dry">50</string>
    <string name="viper4android.headphonefx.convolver.kernel">Sony MDR-1ABT-Christopher6-44k.irs</string>
    <boolean name="viper4android.headphonefx.fetcompressor.autoknee" value="true" />
    <string name="viper4android.headphonefx.fireq.custom">0.5;-0.3;-1.4;-0.5;-1.4;0.2;1.7;2.2;2.2;2.2;</string>
    <string name="viper4android.headphonefx.fidelity.clarity.gain">0</string>
    <string name="viper4android.headphonefx.fetcompressor.adapt">51</string>
    <boolean name="viper4android.headphonefx.fidelity.clarity.enable" value="false" />
    <boolean name="viper4android.headphonefx.fetcompressor.autogain" value="true" />
    <string name="viper4android.headphonefx.fidelity.clarity.mode">1</string>
    <string name="viper4android.headphonefx.fetcompressor.crest">33</string>
    <boolean name="viper4android.headphonefx.convolver.enable" value="true" />
    <boolean name="viper4android.headphonefx.enable" value="true" />
    <boolean name="viper4android.headphonefx.fireq.enable" value="true" />
    <boolean name="viper4android.settings.vse.notice" value="true" />
    <string name="viper4android.headphonefx.fetcompressor.maxattack">14</string>
    <boolean name="viper4android.headphonefx.tube.enable" value="false" />
    <string name="viper4android.headphonefx.fireq">custom</string>
    <string name="viper4android.headphonefx.fetcompressor.maxrelease">100</string>
    <boolean name="viper4android.headphonefx.fetcompressor.enable" value="false" />
</map>
